id,name,email,region,join_date
1,Nexus #1,sales@1.com,South,2024-11-16T09:59:54
2,Quantum Global,sales@global.com,North,2025-04-20T19:18:36
3,Elite Services,david.davis@company.com,South,2025-09-29T18:37:10
4,Paragon North,sales@north.com,North,2025-05-02T03:14:45
5,Vanguard #1,sales@1.com,South,2025-03-09T00:52:50
6,Nexus Group,emily.brown@company.com,West,2024-01-24T15:42:58
7,Nexus East,sales@east.com,East,2025-10-15T18:36:27
8,Sterling LLC,robert.wilson@company.com,West,2026-01-19T05:26:47
9,Meridian Ltd,michael.miller@company.com,East,2024-02-26T02:53:32
10,Acme Solutions,john.miller@acme.com,East,2026-01-19T22:49:11
11,Sterling Global,emily.williams@global.com,North,2024-03-22T11:43:11
12,Elite LLC,sales@company.com,West,2025-06-09T16:47:03
13,Pinnacle LLC,sales@company.com,West,2026-03-31T20:06:26
14,Horizon Ltd,john.doe@company.com,West,2024-01-14T17:56:55
15,Quantum #2,michael.davis@2.com,South,2026-02-12T14:02:36
16,Pinnacle South,john.brown@south.com,West,2026-01-25T18:38:26
17,Meridian Global,sales@global.com,South,2025-06-16T06:47:30
18,Vertex Corp,john.miller@company.com,West,2025-06-19T23:49:37
19,Meridian Group,emily.davis@company.com,East,2024-04-01T17:18:44
20,Acme Holdings,sales@acme.com,North,2024-02-12T15:15:04
21,Zenith Global,sales@global.com,North,2026-01-25T02:43:44
22,Elite Systems,michael.davis@company.com,West,2025-10-19T21:52:39
23,Premier Systems,david.doe@company.com,West,2024-05-08T10:17:46
24,Cascade Corp,sales@company.com,East,2024-01-31T22:04:04
25,Cascade North,david.brown@north.com,South,2026-01-28T08:11:06
26,Horizon International,olivia.smith@company.com,North,2025-08-16T12:39:42
27,Quantum Group,sales@company.com,West,2025-12-29T21:17:01
28,Fusion Solutions,sales@company.com,West,2024-07-12T22:22:57
29,Paragon Systems,david.wilson@company.com,North,2024-03-26T11:40:11
30,Pinnacle Logistics,john.williams@company.com,South,2024-08-22T22:04:26
31,Summit Systems,sales@company.com,North,2026-03-08T03:06:48
32,Sterling International,sarah.smith@company.com,North,2025-08-21T10:45:18
33,Meridian Systems,jane.doe@company.com,North,2025-03-03T19:52:26
34,Nexus Corp,jane.jones@company.com,South,2024-06-18T18:21:30
35,Global East,david.davis@globaleast.com,North,2025-09-04T00:47:24
36,Tech Corp,john.davis@tech.com,West,2025-01-06T20:57:38
37,Apex South,sarah.doe@south.com,North,2024-07-19T18:32:27
38,Nexus Global,emily.miller@global.com,North,2025-07-11T04:58:10
39,Nexus Group,sales@company.com,North,2026-01-05T04:26:30
40,Vertex Solutions,sales@company.com,North,2024-01-27T09:43:45
41,Global Trading Inc,emily.wilson@global.com,East,2025-09-28T00:10:49
42,Tech East,olivia.wilson@techeast.com,South,2024-08-10T05:27:28
43,Pinnacle Logistics,michael.jones@company.com,North,2025-07-25T11:37:34
44,Quantum #2,sarah.miller@2.com,West,2024-10-08T19:23:47
45,Tech #1,sales@tech1.com,North,2025-04-19T23:32:32
46,Vanguard Solutions,david.davis@company.com,South,2026-02-10T10:46:39
47,Premier Manufacturing,michael.jones@company.com,North,2024-01-03T18:58:41
48,Global #1,sales@global1.com,South,2024-09-15T12:10:59
49,Meridian Systems,sarah.wilson@company.com,East,2025-06-14T21:51:32
50,Horizon Enterprises,michael.brown@enterprises.com,South,2024-11-06T09:27:46
51,Nexus LLC,john.wilson@company.com,South,2024-11-08T02:06:22
52,Paragon International,sarah.smith@company.com,North,2025-11-04T01:05:14
53,Summit International,michael.davis@company.com,North,2026-02-24T05:28:27
54,Tech International,sales@tech.com,North,2025-07-07T13:47:19
55,Fusion Industries,john.brown@company.com,West,2025-09-15T06:05:22
56,Elite Services,robert.miller@company.com,North,2024-10-03T06:21:00
57,Meridian LLC,sales@company.com,North,2025-07-19T15:50:45
58,Premier Manufacturing,sales@company.com,North,2024-07-28T14:50:23
59,Sterling Trading,olivia.brown@company.com,West,2024-03-11T01:45:05
60,Acme South,jane.doe@acmesouth.com,West,2024-10-11T15:14:08
61,Vertex Solutions,sales@company.com,East,2025-12-23T11:38:35
62,Tech Solutions Ltd,robert.davis@tech.com,East,2025-07-29T09:07:04
63,Vanguard East,olivia.davis@east.com,East,2026-02-10T04:07:19
64,Vanguard Global,sales@global.com,West,2024-08-18T14:01:47
65,Fusion Ltd,sarah.miller@company.com,South,2026-03-28T14:24:00
66,Fusion Solutions,michael.doe@company.com,South,2025-03-23T15:38:53
67,Atlas West,robert.miller@west.com,South,2025-06-01T03:22:41
68,Sterling #2,emily.wilson@2.com,South,2024-10-06T13:25:35
69,Vertex LLC,david.davis@company.com,East,2026-03-04T22:07:41
70,Acme Corp,michael.davis@acme.com,North,2024-12-11T07:55:30
71,Quantum East,emily.miller@east.com,South,2025-04-22T03:18:51
72,Vanguard Solutions,emily.davis@company.com,East,2024-08-05T10:52:29
73,Elite Corp,michael.wilson@company.com,West,2025-10-22T23:42:36
74,Fusion Group,sarah.smith@company.com,South,2026-02-24T05:26:29
75,Sterling International,olivia.jones@company.com,South,2025-04-20T14:15:45
76,Global Systems,sarah.davis@global.com,East,2025-08-29T07:20:23
77,Atlas Distribution,michael.smith@company.com,North,2026-03-07T18:10:44
78,Tech South,emily.miller@techsouth.com,East,2025-03-17T17:38:04
79,Pinnacle Logistics,jane.jones@company.com,South,2024-11-13T21:40:31
80,Sterling Global,david.doe@global.com,North,2024-11-20T12:19:16
81,Elite Corp,sales@company.com,East,2024-06-08T13:45:18
82,Global Trading Inc,jane.wilson@global.com,East,2025-11-12T22:54:49
83,Horizon Enterprises,olivia.smith@enterprises.com,East,2025-11-17T16:51:27
84,Vanguard South,john.doe@south.com,West,2025-05-24T21:44:04
85,Premier Ltd,sales@company.com,North,2025-07-18T08:04:13
86,Horizon Enterprises,jane.smith@enterprises.com,East,2026-03-15T06:28:44
87,Horizon International,sales@company.com,North,2025-01-15T13:41:18
88,Fusion Industries,sales@company.com,North,2025-08-16T13:09:54
89,Horizon Solutions,sarah.miller@company.com,West,2026-03-30T13:01:16
90,Atlas North,jane.williams@north.com,East,2025-02-27T16:08:51
91,Acme South,sales@acmesouth.com,East,2025-04-30T00:37:07
92,Tech International,jane.brown@tech.com,South,2025-09-24T01:24:10
93,Pinnacle Logistics,olivia.miller@company.com,East,2026-03-30T03:49:58
94,Vanguard Group,sales@company.com,North,2024-07-01T05:52:12
95,Tech Solutions Ltd,sales@tech.com,South,2024-06-20T19:04:47
96,Apex Group,sarah.jones@company.com,South,2025-10-17T18:29:19
97,Vanguard Systems,emily.smith@company.com,North,2026-03-31T23:34:15
98,Nexus Partners,sales@company.com,South,2024-12-07T08:25:18
99,Zenith East,sales@east.com,West,2024-02-22T08:48:40
100,Sterling Global,olivia.davis@global.com,West,2025-10-30T03:09:45
101,Paragon East,olivia.doe@east.com,East,2024-12-03T10:11:13
102,Pinnacle South,sales@south.com,South,2024-02-12T21:45:25
103,Premier Manufacturing,olivia.smith@company.com,West,2025-09-14T22:40:00
104,Quantum Dynamics,sales@company.com,East,2025-04-30T11:21:33
105,Horizon International,sales@company.com,East,2024-01-30T23:25:05
106,Quantum Group,david.williams@company.com,North,2025-09-12T18:14:58
107,Elite South,olivia.jones@south.com,East,2024-11-29T16:24:06
108,Quantum East,sales@east.com,West,2025-09-18T04:54:37
109,Summit International,john.smith@company.com,North,2024-12-21T08:23:25
110,Pinnacle Logistics,robert.jones@company.com,East,2025-09-24T15:37:25
111,Paragon Global,john.davis@global.com,South,2025-09-18T00:37:13
112,Zenith Systems,robert.miller@company.com,West,2025-06-19T06:56:31
113,Acme West,sales@acmewest.com,East,2024-02-24T01:48:49
114,Acme East,olivia.wilson@acmeeast.com,East,2026-03-12T01:50:27
115,Premier International,david.brown@company.com,West,2026-01-07T23:06:52
116,Acme LLC,david.davis@acme.com,West,2025-09-03T21:46:25
117,Atlas Corp,sales@company.com,North,2026-03-15T22:34:06
118,Zenith West,sales@west.com,East,2025-02-02T17:38:42
119,Zenith Systems,emily.davis@company.com,South,2026-02-13T05:13:47
120,Sterling #1,david.smith@1.com,North,2024-02-13T03:43:04
121,Global Systems,olivia.doe@global.com,West,2024-04-24T16:08:02
122,Vanguard Corp,jane.smith@company.com,South,2024-04-08T04:18:56
123,Premier Manufacturing,john.brown@company.com,North,2024-12-03T01:45:03
124,Cascade Corp,robert.wilson@company.com,East,2024-06-02T15:56:35
125,Elite Services,olivia.doe@company.com,South,2025-04-07T09:45:55
126,Global Corp,jane.brown@global.com,South,2025-03-03T13:32:30
127,Elite Services,robert.wilson@company.com,East,2024-05-31T13:54:57
128,Vertex Group,david.davis@company.com,South,2025-03-14T09:19:34
129,Elite LLC,michael.doe@company.com,North,2025-08-06T09:00:28
130,Summit Systems,sales@company.com,East,2024-05-07T19:11:31
131,Fusion Group,sales@company.com,South,2026-03-21T17:20:04
132,Summit Retail,david.brown@company.com,West,2026-02-26T02:04:44
133,Zenith South,olivia.smith@south.com,North,2026-02-05T06:23:59
134,Horizon North,emily.wilson@north.com,South,2026-01-30T23:02:47
135,Cascade East,john.miller@east.com,South,2025-04-04T20:33:09
136,Zenith Systems,sales@company.com,North,2025-11-18T09:01:42
137,Global Group,olivia.miller@global.com,East,2025-07-06T04:52:57
138,Horizon East,sarah.davis@east.com,North,2024-07-03T13:43:38
139,Horizon #1,sales@1.com,East,2024-02-05T06:36:42
140,Nexus Partners,michael.brown@company.com,East,2025-08-29T13:07:57
141,Fusion International,david.miller@company.com,South,2024-07-21T02:58:17
142,Premier Solutions,sales@company.com,North,2024-05-14T00:57:18
143,Premier Manufacturing,sales@company.com,East,2024-03-02T09:45:48
144,Elite #1,olivia.miller@1.com,West,2025-03-02T23:57:28
145,Fusion Industries,olivia.davis@company.com,North,2025-05-20T15:05:20
146,Global Systems,sales@global.com,East,2026-03-29T07:34:27
147,Elite Services,michael.smith@company.com,South,2026-02-26T03:15:39
148,Horizon Global,jane.brown@global.com,South,2026-01-18T07:31:25
149,Summit Corp,jane.jones@company.com,South,2025-03-14T02:21:50
150,Cascade Corp,david.brown@company.com,South,2024-03-10T09:58:52
151,Quantum East,sarah.doe@east.com,North,2025-08-25T06:10:48
152,Zenith Systems,david.davis@company.com,South,2024-09-05T06:41:34
153,Quantum Dynamics,emily.miller@company.com,East,2025-03-31T08:21:36
154,Vertex West,sales@west.com,West,2026-03-06T15:00:37
155,Zenith Ltd,jane.davis@company.com,North,2025-08-07T17:16:17
156,Cascade Corp,olivia.doe@company.com,East,2024-11-13T00:40:48
157,Summit Retail,sarah.jones@company.com,South,2024-07-17T15:46:27
158,Vertex Systems,sarah.wilson@company.com,South,2024-10-04T11:06:06
159,Zenith Systems,john.wilson@company.com,East,2025-03-20T01:08:37
160,Pinnacle #2,sales@2.com,North,2025-07-17T15:53:00
161,Paragon Holdings,sales@company.com,West,2025-06-24T07:06:10
162,Vanguard South,david.davis@south.com,East,2025-10-27T15:07:26
163,Paragon West,michael.miller@west.com,East,2024-06-25T17:48:20
164,Sterling Systems,david.williams@company.com,North,2024-04-10T03:15:16
165,Fusion East,robert.jones@east.com,North,2026-03-02T08:04:38
166,Atlas South,sarah.miller@south.com,South,2025-12-08T11:49:46
167,Global Trading Inc,jane.wilson@global.com,East,2026-03-28T08:25:29
168,Zenith Systems,sales@company.com,East,2026-02-12T02:22:23
169,Paragon Group,sales@company.com,South,2025-01-22T18:37:13
170,Vanguard Global,jane.doe@global.com,West,2026-01-28T07:35:43
171,Meridian LLC,sales@company.com,North,2025-02-25T16:45:13
172,Nexus Partners,michael.wilson@company.com,West,2024-04-08T02:22:14
173,Zenith North,sarah.smith@north.com,North,2026-02-17T18:18:14
174,Meridian Retail,robert.smith@company.com,South,2026-01-09T09:45:27
175,Atlas Distribution,jane.doe@company.com,West,2024-01-26T15:50:40
176,Tech East,david.davis@techeast.com,East,2024-02-14T00:31:58
177,Tech East,sarah.wilson@techeast.com,South,2026-03-20T14:44:44
178,Global Systems,david.smith@global.com,East,2026-03-02T10:54:57
179,Vanguard North,sarah.doe@north.com,East,2025-03-16T16:13:36
180,Elite Services,emily.wilson@company.com,South,2024-10-21T17:16:34
181,Elite Global,jane.brown@global.com,West,2026-02-28T13:28:06
182,Premier Ltd,david.miller@company.com,West,2024-09-11T20:33:42
183,Pinnacle Holdings,sales@company.com,South,2026-03-25T21:07:06
184,Cascade Holdings,sales@company.com,East,2024-07-09T01:52:14
185,Acme Corp,sarah.miller@acme.com,North,2026-03-15T08:21:34
186,Pinnacle Logistics,sarah.brown@company.com,North,2024-04-07T09:16:24
187,Premier International,sales@company.com,West,2024-02-18T19:43:33
188,Quantum International,emily.williams@company.com,North,2025-05-07T11:09:46
189,Quantum Dynamics,jane.doe@company.com,South,2024-08-30T07:41:02
190,Zenith Systems,michael.brown@company.com,North,2025-12-08T21:02:30
191,Zenith LLC,robert.doe@company.com,East,2024-03-12T13:50:22
192,Summit Retail,robert.brown@company.com,West,2026-03-02T08:16:57
193,Zenith West,jane.wilson@west.com,East,2025-12-19T20:17:40
194,Paragon Group,michael.miller@company.com,South,2024-06-25T23:11:51
195,Global Solutions,john.miller@global.com,North,2024-07-21T00:52:42
196,Paragon East,sarah.davis@east.com,East,2025-07-16T15:01:59
197,Nexus #2,sarah.williams@2.com,East,2026-03-29T01:05:50
198,Elite Services,david.davis@company.com,North,2025-06-18T08:07:14
199,Quantum South,jane.miller@south.com,North,2026-02-01T03:13:05
200,Acme Corp,jane.brown@acme.com,West,2024-02-19T07:10:49
201,Atlas Systems,olivia.smith@company.com,East,2025-07-26T17:13:42
202,Fusion Global,david.doe@global.com,East,2024-12-17T03:35:10
203,Elite Ltd,jane.davis@company.com,West,2024-09-23T20:31:56
204,Pinnacle Logistics,john.davis@company.com,South,2026-01-20T15:07:39
205,Sterling West,sales@west.com,South,2024-02-20T04:18:50
206,Quantum Dynamics,olivia.smith@company.com,North,2025-08-12T20:29:00
207,Zenith Corp,michael.williams@company.com,East,2025-09-10T06:45:33
208,Pinnacle Group,sarah.miller@company.com,North,2025-06-23T23:08:45
209,Atlas International,michael.smith@company.com,East,2026-01-30T02:50:30
210,Elite Services,sales@company.com,South,2025-07-31T18:05:28
211,Horizon Corp,sales@company.com,East,2026-02-22T13:24:46
212,Global Holdings,olivia.miller@global.com,East,2025-07-28T19:26:01
213,Horizon Ltd,sarah.williams@company.com,North,2024-02-07T12:35:57
214,Sterling East,olivia.wilson@east.com,East,2025-01-25T02:36:58
215,Cascade Corp,robert.brown@company.com,West,2024-03-06T12:03:31
216,Quantum #2,emily.miller@2.com,North,2025-09-17T12:49:50
217,Summit Retail,john.doe@company.com,West,2024-03-04T08:34:46
218,Global Group,olivia.jones@global.com,West,2024-09-11T02:11:38
219,Apex Group,jane.doe@company.com,West,2024-12-30T19:04:59
220,Vertex Systems,olivia.miller@company.com,North,2025-04-29T17:13:02
221,Global Solutions,olivia.brown@global.com,South,2025-01-29T21:49:05
222,Vertex Solutions,david.smith@company.com,West,2025-08-24T04:15:55
223,Global Solutions,jane.doe@global.com,West,2025-04-23T01:22:37
224,Paragon East,jane.williams@east.com,South,2024-03-05T22:37:09
225,Acme East,sales@acmeeast.com,South,2024-08-28T00:19:11
226,Apex Corp,john.brown@company.com,East,2024-07-23T06:53:40
227,Horizon Global,olivia.smith@global.com,South,2024-07-12T06:12:03
228,Nexus Partners,john.jones@company.com,North,2024-05-16T09:15:05
229,Tech West,jane.doe@techwest.com,North,2026-01-25T23:05:17
230,Cascade #2,michael.miller@2.com,East,2026-02-25T02:10:36
231,Apex Solutions,olivia.wilson@company.com,West,2024-08-08T05:46:00
232,Global Trading Inc,sales@global.com,South,2024-11-10T20:25:02
233,Fusion Holdings,sarah.davis@company.com,South,2025-10-20T12:08:06
234,Horizon Enterprises,sales@enterprises.com,East,2024-03-30T19:52:32
235,Summit Global,emily.miller@global.com,East,2025-01-15T12:42:33
236,Paragon Manufacturing,emily.wilson@company.com,East,2025-02-26T01:21:57
237,Acme West,sales@acmewest.com,East,2025-02-27T12:41:01
238,Global Trading Inc,sales@global.com,West,2024-03-31T17:33:34
239,Elite Services,david.smith@company.com,South,2025-06-06T03:07:16
240,Fusion Industries,sarah.wilson@company.com,South,2026-03-11T08:08:41
241,Atlas Distribution,sales@company.com,East,2026-01-09T02:08:56
242,Pinnacle Group,emily.doe@company.com,West,2026-02-06T20:46:21
243,Nexus International,emily.doe@company.com,North,2024-03-06T04:14:05
244,Pinnacle Logistics,robert.davis@company.com,South,2024-11-30T13:36:12
245,Premier Manufacturing,robert.davis@company.com,West,2024-12-09T21:52:19
246,Sterling Trading,sales@company.com,East,2025-02-05T17:32:38
247,Tech Corp,sales@tech.com,South,2024-03-20T04:08:14
248,Meridian Retail,sarah.brown@company.com,North,2024-02-07T19:58:43
249,Elite Group,robert.wilson@company.com,North,2024-06-13T19:14:05
250,Apex Corp,sarah.doe@company.com,East,2025-09-04T21:05:12
251,Atlas Distribution,jane.williams@company.com,North,2026-03-22T02:58:48
252,Sterling Trading,sales@company.com,South,2025-10-23T16:19:50
253,Horizon Solutions,michael.williams@company.com,North,2026-03-12T10:02:55
254,Fusion Industries,michael.doe@company.com,North,2024-09-20T14:44:06
255,Summit North,emily.davis@north.com,North,2026-01-29T07:48:17
256,Atlas #1,robert.doe@1.com,West,2026-01-31T12:34:13
257,Horizon Solutions,robert.wilson@company.com,North,2025-02-07T06:26:56
258,Paragon Solutions,michael.williams@company.com,West,2024-07-30T00:52:40
259,Tech Solutions Ltd,sales@tech.com,West,2024-03-01T20:07:50
260,Vanguard Global,jane.brown@global.com,West,2026-01-09T05:17:08
261,Pinnacle Solutions,jane.miller@company.com,North,2024-09-15T10:51:33
262,Summit West,david.smith@west.com,South,2025-01-03T04:44:21
263,Elite Services,david.brown@company.com,East,2025-03-11T00:50:34
264,Cascade Corp,sales@company.com,South,2024-08-19T22:09:44
265,Elite Solutions,sales@company.com,East,2024-11-05T08:56:32
266,Tech West,michael.miller@techwest.com,East,2025-10-23T01:30:26
267,Apex LLC,sales@company.com,North,2025-03-17T17:29:22
268,Summit #2,john.williams@2.com,West,2026-01-11T19:05:20
269,Elite South,sales@south.com,West,2024-04-04T14:34:51
270,Nexus #1,david.jones@1.com,West,2024-10-24T07:44:37
271,Sterling Global,sales@global.com,North,2026-01-07T08:17:35
272,Atlas Distribution,sarah.miller@company.com,North,2024-09-13T18:37:46
273,Premier Ltd,john.jones@company.com,South,2026-02-01T17:35:34
274,Tech Holdings,sales@tech.com,West,2024-04-12T21:11:32
275,Apex Global,john.smith@global.com,South,2026-02-25T15:35:11
276,Global Global,sales@globalglobal.com,North,2024-10-16T04:05:50
277,Fusion South,michael.doe@south.com,East,2025-03-26T14:15:53
278,Summit Retail,john.wilson@company.com,East,2025-10-28T18:07:09
279,Zenith Systems,sarah.williams@company.com,East,2024-04-25T15:44:21
280,Cascade Global,emily.brown@global.com,South,2024-05-07T07:39:14
281,Quantum Dynamics,john.brown@company.com,North,2024-03-27T17:11:12
282,Atlas Distribution,sales@company.com,West,2026-02-18T20:39:27
283,Paragon International,sales@company.com,West,2025-05-18T16:50:01
284,Global Ltd,emily.williams@global.com,North,2026-02-08T06:56:55
285,Fusion Industries,michael.miller@company.com,East,2025-05-15T18:43:40
286,Apex Systems,robert.brown@company.com,East,2025-11-20T21:36:49
287,Acme North,emily.williams@acmenorth.com,West,2025-04-10T11:53:39
288,Cascade #1,michael.wilson@1.com,West,2026-03-17T10:35:15
289,Apex Corp,sales@company.com,South,2024-01-02T04:06:28
290,Fusion Industries,emily.wilson@company.com,South,2025-06-23T05:32:32
291,Meridian West,sales@west.com,South,2025-10-22T19:11:43
292,Meridian North,jane.jones@north.com,East,2024-03-03T04:02:00
293,Vertex Corp,jane.jones@company.com,East,2025-12-13T09:50:31
294,Summit Retail,sales@company.com,South,2026-02-27T19:04:07
295,Fusion Holdings,emily.wilson@company.com,West,2025-05-31T17:50:12
296,Elite Services,jane.williams@company.com,South,2025-03-15T18:28:44
297,Elite East,olivia.williams@east.com,South,2024-10-14T00:59:04
298,Tech North,olivia.doe@technorth.com,North,2026-01-06T16:10:43
299,Horizon Ltd,olivia.brown@company.com,East,2026-03-15T09:32:51
300,Cascade Holdings,jane.smith@company.com,West,2025-06-25T17:13:57
301,Atlas Ltd,sales@company.com,East,2024-01-23T13:39:15
302,Summit Retail,david.jones@company.com,North,2024-11-09T16:01:04
303,Horizon Global,michael.miller@global.com,North,2026-02-04T01:02:43
304,Tech Solutions,michael.jones@tech.com,East,2024-10-06T16:53:46
305,Global Holdings,sales@global.com,South,2025-10-15T16:32:33
306,Cascade LLC,sales@company.com,North,2025-02-18T00:07:14
307,Acme Group,emily.davis@acme.com,East,2024-02-17T17:31:19
308,Zenith Holdings,jane.brown@company.com,South,2025-03-22T14:25:51
309,Horizon North,sales@north.com,South,2024-10-27T04:19:08
310,Meridian Retail,sales@company.com,East,2024-10-16T21:21:34
311,Tech Systems,olivia.smith@tech.com,South,2024-06-04T20:45:03
312,Pinnacle South,sales@south.com,West,2024-10-11T12:19:23
313,Vanguard Systems,david.williams@company.com,South,2025-06-17T22:57:07
314,Atlas Corp,michael.williams@company.com,East,2025-03-11T09:20:23
315,Acme International,john.miller@acme.com,East,2025-06-28T13:21:47
316,Acme South,david.wilson@acmesouth.com,North,2024-06-02T21:53:12
317,Atlas International,sales@company.com,North,2025-05-16T12:22:52
318,Horizon International,robert.brown@company.com,North,2025-12-16T17:54:55
319,Atlas Distribution,david.miller@company.com,South,2024-12-07T09:29:25
320,Global Group,sales@global.com,South,2024-07-01T13:52:58
321,Premier Manufacturing,robert.miller@company.com,East,2024-02-28T12:50:51
322,Paragon North,sales@north.com,North,2025-12-21T15:27:05
323,Quantum South,sales@south.com,West,2025-07-08T23:11:50
324,Fusion Industries,robert.williams@company.com,South,2024-03-09T01:34:47
325,Pinnacle Logistics,olivia.davis@company.com,West,2024-04-25T07:16:55
326,Pinnacle Logistics,jane.williams@company.com,South,2024-04-14T07:38:08
327,Meridian Retail,john.smith@company.com,West,2025-09-14T11:37:11
328,Nexus West,john.brown@west.com,East,2024-03-20T18:54:32
329,Atlas #1,michael.wilson@1.com,South,2025-02-09T00:47:20
330,Acme Corp,john.smith@acme.com,West,2025-06-03T05:42:41
331,Acme Corp,michael.jones@acme.com,North,2024-02-14T16:28:22
332,Elite Services,sales@company.com,East,2025-02-08T13:00:37
333,Vanguard East,jane.smith@east.com,West,2024-11-20T07:18:25
334,Vanguard Systems,emily.doe@company.com,South,2025-12-11T12:06:28
335,Elite Services,sales@company.com,West,2025-11-10T12:13:35
336,Elite Holdings,sales@company.com,South,2025-07-26T19:35:46
337,Acme West,john.davis@acmewest.com,East,2025-02-01T11:17:47
338,Paragon International,john.smith@company.com,East,2025-03-01T13:03:20
339,Paragon North,jane.doe@north.com,North,2024-10-29T14:19:59
340,Pinnacle Logistics,michael.jones@company.com,West,2026-02-20T07:33:04
341,Acme Corp,robert.jones@acme.com,South,2025-10-07T05:05:58
342,Zenith South,jane.brown@south.com,West,2025-09-18T13:29:50
343,Vanguard Systems,michael.brown@company.com,West,2025-04-14T08:58:23
344,Quantum International,jane.smith@company.com,West,2024-11-16T19:01:31
345,Global Group,emily.doe@global.com,South,2025-01-31T02:29:03
346,Vertex Solutions,john.smith@company.com,South,2024-08-22T00:25:13
347,Tech Group,emily.miller@tech.com,South,2025-07-20T02:31:25
348,Quantum Holdings,sales@company.com,North,2024-11-19T10:47:07
349,Cascade Group,sarah.brown@company.com,West,2025-09-20T20:16:33
350,Apex Distribution,sales@company.com,South,2026-01-08T20:58:28
351,Zenith Systems,jane.miller@company.com,West,2025-05-08T17:03:18
352,Pinnacle Corp,jane.brown@company.com,West,2025-09-29T00:57:45
353,Vertex Corp,olivia.smith@company.com,West,2024-09-06T21:05:57
354,Global Trading Inc,david.williams@global.com,West,2024-06-15T07:27:18
355,Vertex Solutions,jane.smith@company.com,North,2024-12-17T17:29:28
356,Zenith Global,robert.smith@global.com,West,2024-12-11T20:35:39
357,Atlas South,david.doe@south.com,East,2024-03-10T03:44:41
358,Vertex Systems,olivia.doe@company.com,South,2026-03-21T21:54:01
359,Paragon Manufacturing,john.brown@company.com,East,2025-09-23T02:26:33
360,Apex Distribution,sales@company.com,West,2026-01-27T17:20:24
361,Global Global,sales@globalglobal.com,East,2024-03-06T05:37:56
362,Fusion Global,jane.davis@global.com,North,2024-07-30T12:53:19
363,Paragon Manufacturing,john.miller@company.com,West,2026-03-29T21:21:08
364,Nexus Solutions,john.doe@company.com,North,2026-01-09T18:22:07
365,Paragon West,sales@west.com,West,2024-11-20T16:08:14
366,Nexus LLC,michael.miller@company.com,South,2024-12-06T17:33:52
367,Sterling International,robert.doe@company.com,South,2025-12-30T20:56:46
368,Vanguard Systems,sales@company.com,West,2025-10-28T05:30:35
369,Nexus Partners,robert.brown@company.com,East,2024-08-05T05:03:02
370,Meridian Retail,sales@company.com,East,2024-11-09T11:56:21
371,Global Solutions,john.brown@global.com,North,2025-08-10T19:54:26
372,Cascade West,jane.brown@west.com,West,2025-04-05T12:06:59
373,Zenith Ltd,olivia.williams@company.com,North,2024-04-17T21:05:20
374,Elite North,michael.brown@north.com,East,2025-02-03T01:26:36
375,Pinnacle East,sales@east.com,North,2024-04-12T16:39:19
376,Vanguard #2,olivia.jones@2.com,South,2024-08-26T23:54:04
377,Tech Corp,sales@tech.com,East,2024-06-16T08:10:19
378,Pinnacle East,john.jones@east.com,West,2025-09-29T17:59:00
379,Atlas North,jane.davis@north.com,West,2025-01-11T20:46:54
380,Premier Global,jane.jones@global.com,West,2024-05-27T23:05:54
381,Fusion Industries,sales@company.com,South,2024-01-21T04:23:29
382,Pinnacle Holdings,robert.davis@company.com,South,2026-02-12T05:11:31
383,Cascade Corp,sales@company.com,North,2024-01-22T01:55:10
384,Nexus Partners,emily.jones@company.com,West,2025-06-22T12:56:29
385,Nexus Group,sales@company.com,South,2024-12-09T04:37:47
386,Quantum Systems,david.brown@company.com,West,2025-11-03T14:59:07
387,Atlas Holdings,robert.davis@company.com,West,2024-10-26T05:01:47
388,Atlas #1,emily.jones@1.com,West,2024-04-04T17:59:41
389,Meridian South,sales@south.com,East,2024-11-21T02:34:22
390,Paragon East,olivia.jones@east.com,South,2024-06-15T13:43:00
391,Quantum Holdings,sales@company.com,West,2025-07-06T00:39:19
392,Nexus #1,sarah.davis@1.com,North,2024-04-24T20:03:25
393,Horizon Holdings,michael.wilson@company.com,North,2025-10-31T11:34:08
394,Horizon North,michael.jones@north.com,West,2025-04-13T00:08:50
395,Horizon Corp,sales@company.com,East,2024-05-12T05:34:44
396,Fusion Group,sales@company.com,West,2025-03-02T17:21:54
397,Apex Distribution,olivia.smith@company.com,West,2025-10-13T01:58:25
398,Zenith #1,emily.jones@1.com,East,2024-05-13T23:10:28
399,Apex International,david.brown@company.com,North,2024-10-25T14:29:07
400,Cascade Corp,sales@company.com,North,2025-03-27T10:38:13
401,Pinnacle LLC,sales@company.com,South,2025-01-24T13:31:43
402,Quantum Ltd,emily.jones@company.com,West,2024-12-15T07:31:11
403,Vanguard Ltd,emily.jones@company.com,North,2024-10-13T03:55:44
404,Zenith Systems,sarah.doe@company.com,East,2026-03-20T02:34:54
405,Vanguard Corp,michael.miller@company.com,North,2024-11-02T16:39:35
406,Vanguard Global,sales@global.com,North,2024-03-25T10:48:23
407,Acme Ltd,sales@acme.com,South,2026-01-14T00:46:36
408,Elite Holdings,emily.williams@company.com,North,2024-07-25T07:19:00
409,Vanguard LLC,sales@company.com,South,2025-05-10T19:38:04
410,Sterling Holdings,olivia.davis@company.com,West,2025-09-15T21:50:25
411,Tech Solutions Ltd,john.miller@tech.com,West,2025-10-13T06:17:40
412,Sterling Global,sales@global.com,South,2024-04-26T04:07:10
413,Nexus West,sarah.wilson@west.com,West,2026-03-31T12:32:51
414,Global LLC,emily.davis@global.com,West,2024-07-23T02:20:54
415,Atlas Solutions,david.davis@company.com,North,2024-06-21T00:02:45
416,Tech Solutions Ltd,john.wilson@tech.com,West,2025-05-06T07:51:39
417,Atlas Holdings,emily.miller@company.com,North,2024-11-29T02:01:24
418,Global Trading Inc,sales@global.com,East,2024-12-26T02:31:10
419,Summit Corp,michael.miller@company.com,East,2025-05-09T10:15:39
420,Pinnacle East,john.williams@east.com,East,2026-02-01T06:42:06
421,Acme Solutions,olivia.jones@acme.com,West,2025-06-27T01:56:52
422,Summit Ltd,john.brown@company.com,North,2025-03-01T23:01:40
423,Paragon LLC,sarah.jones@company.com,East,2024-06-26T20:49:33
424,Elite Ltd,michael.williams@company.com,South,2024-07-24T09:44:43
425,Horizon Enterprises,emily.miller@enterprises.com,South,2024-01-04T17:07:26
426,Zenith Holdings,olivia.brown@company.com,North,2024-04-27T17:11:36
427,Atlas East,olivia.wilson@east.com,East,2024-05-18T04:37:45
428,Fusion Group,jane.jones@company.com,East,2024-02-24T00:12:03
429,Apex East,david.williams@east.com,South,2025-05-05T22:48:06
430,Tech Holdings,david.doe@tech.com,South,2024-05-02T06:37:16
431,Paragon East,emily.wilson@east.com,North,2025-07-13T01:51:06
432,Premier Ltd,david.williams@company.com,East,2024-09-02T01:41:21
433,Sterling Global,olivia.davis@global.com,North,2024-07-13T23:38:54
434,Horizon Enterprises,sarah.wilson@enterprises.com,West,2024-01-15T14:00:22
435,Pinnacle Logistics,sarah.miller@company.com,East,2024-06-08T11:24:14
436,Vanguard International,sales@company.com,West,2025-01-21T10:07:09
437,Acme Systems,robert.doe@acme.com,West,2025-05-28T11:52:23
438,Apex Corp,sales@company.com,East,2025-01-01T21:04:46
439,Apex #1,emily.doe@1.com,South,2026-02-13T15:27:56
440,Tech Solutions Ltd,emily.jones@tech.com,West,2026-03-15T20:47:58
441,Acme Corp,michael.davis@acme.com,East,2024-11-02T00:22:25
442,Fusion International,michael.brown@company.com,East,2025-11-16T03:30:39
443,Meridian Group,michael.jones@company.com,West,2025-07-11T06:32:54
444,Fusion Global,robert.doe@global.com,South,2026-03-07T21:22:54
445,Apex Global,sales@global.com,North,2025-09-14T17:33:29
446,Acme South,robert.miller@acmesouth.com,West,2026-03-16T14:18:38
447,Fusion Corp,olivia.brown@company.com,East,2025-06-30T22:33:55
448,Sterling Trading,sales@company.com,North,2024-10-23T08:34:42
449,Premier International,sales@company.com,North,2025-04-30T07:16:26
450,Acme International,olivia.jones@acme.com,South,2026-03-21T07:58:49
451,Quantum Global,jane.williams@global.com,South,2024-01-27T10:11:05
452,Elite Ltd,sales@company.com,North,2025-09-25T19:10:14
453,Vertex Solutions,sales@company.com,East,2026-01-05T21:53:02
454,Elite West,sales@west.com,West,2025-09-15T13:22:10
455,Fusion Group,emily.brown@company.com,East,2025-03-19T02:58:34
456,Tech West,robert.miller@techwest.com,South,2024-01-14T08:07:23
457,Vanguard Systems,sales@company.com,East,2024-08-09T08:48:30
458,Nexus International,sales@company.com,South,2025-07-13T02:30:24
459,Fusion International,olivia.davis@company.com,West,2025-12-12T18:09:54
460,Meridian Retail,david.wilson@company.com,North,2026-02-26T05:04:56
461,Paragon #1,sales@1.com,East,2025-11-09T11:33:27
462,Vertex Holdings,sales@company.com,South,2025-09-16T15:39:29
463,Horizon Enterprises,john.davis@enterprises.com,North,2025-12-18T18:10:50
464,Zenith Global,olivia.davis@global.com,West,2024-10-02T08:10:39
465,Pinnacle Logistics,emily.williams@company.com,North,2025-01-20T15:17:20
466,Zenith Solutions,john.smith@company.com,West,2026-02-02T07:23:36
467,Vertex International,john.davis@company.com,South,2024-04-17T05:57:32
468,Elite Solutions,sarah.jones@company.com,South,2025-02-06T09:40:22
469,Horizon Group,robert.wilson@company.com,South,2026-03-21T19:36:03
470,Atlas LLC,sales@company.com,South,2025-04-02T17:20:51
471,Nexus #1,jane.williams@1.com,South,2024-12-06T14:00:21
472,Vanguard Corp,sales@company.com,North,2025-04-25T23:52:36
473,Quantum International,michael.jones@company.com,South,2025-09-02T04:39:33
474,Tech LLC,olivia.brown@tech.com,North,2024-11-09T14:03:54
475,Meridian Retail,david.miller@company.com,West,2024-10-16T21:03:19
476,Apex South,sales@south.com,North,2025-12-19T06:48:27
477,Paragon Solutions,sales@company.com,West,2025-12-17T07:39:51
478,Fusion West,olivia.miller@west.com,South,2026-03-28T05:30:15
479,Paragon Manufacturing,olivia.brown@company.com,North,2024-09-05T09:38:42
480,Quantum North,john.brown@north.com,East,2025-12-15T04:31:14
481,Nexus #2,olivia.doe@2.com,West,2024-11-07T19:14:55
482,Vanguard Ltd,emily.wilson@company.com,East,2025-05-04T16:02:10
483,Zenith East,sales@east.com,West,2025-07-11T18:36:16
484,Global South,sales@globalsouth.com,North,2025-05-09T17:29:02
485,Zenith Systems,sales@company.com,West,2025-05-16T11:59:13
486,Apex North,sarah.brown@north.com,West,2025-09-04T08:06:49
487,Zenith Group,sarah.williams@company.com,South,2025-11-15T10:52:45
488,Quantum Ltd,sarah.davis@company.com,West,2025-10-02T19:54:46
489,Zenith LLC,john.miller@company.com,East,2026-02-06T15:43:47
490,Summit Retail,robert.wilson@company.com,South,2024-08-10T10:58:50
491,Zenith Systems,michael.jones@company.com,East,2025-01-21T03:10:22
492,Elite Group,sales@company.com,West,2025-02-09T09:16:04
493,Acme #1,sales@acme1.com,North,2025-01-22T04:08:14
494,Horizon Enterprises,jane.miller@enterprises.com,West,2024-01-06T00:33:45
495,Vertex Solutions,sales@company.com,East,2026-01-20T12:27:08
496,Nexus LLC,david.jones@company.com,East,2024-03-16T14:04:08
497,Meridian Ltd,david.doe@company.com,East,2025-09-29T21:03:52
498,Zenith Systems,emily.williams@company.com,West,2025-04-29T20:24:23
499,Summit Retail,sales@company.com,East,2024-11-30T18:35:17
500,Global East,david.miller@globaleast.com,North,2025-11-27T12:20:40